,quicklook,processed,sentinel1,sentinel2
0,/home/wch/MPF_Navirah/processed_mpf_collocated/S2A_MSIL1C_20230603T175921_N0510_R041_T17XNA_20240927T190109/20230603_T17XNA_max_mpf.nc,/cpnet/li3_cpdata/SATS/COLOCATION_S1_S2/aa533193a035/processing_output/S1A_EW_GRDM_1SDH_20230603T114600_20230603T114709_048821_05DF0A_421F__S2A_MSIL1C_20230603T175921_N0510_R041_T17XNA_20240927T190109__collocated.data,S1A_EW_GRDM_1SDH_20230603T114600_20230603T114709_048821_05DF0A_421F,S2A_MSIL1C_20230603T175921_N0510_R041_T17XNA_20240927T190109
1,/home/wch/MPF_Navirah/processed_mpf_collocated/S2A_MSIL1C_20230603T175921_N0509_R041_T17XNA_20230603T214419/20230603_T17XNA_max_mpf.nc,/cpnet/li3_cpdata/SATS/COLOCATION_S1_S2/aa533193a035/processing_output/S1A_EW_GRDM_1SDH_20230603T114600_20230603T114709_048821_05DF0A_421F__S2A_MSIL1C_20230603T175921_N0509_R041_T17XNA_20230603T214419__collocated.data,S1A_EW_GRDM_1SDH_20230603T114600_20230603T114709_048821_05DF0A_421F,S2A_MSIL1C_20230603T175921_N0509_R041_T17XNA_20230603T214419
2,/home/wch/MPF_Navirah/processed_mpf_collocated/S2A_MSIL1C_20230603T175921_N0510_R041_T17XNA_20241009T160616/20230603_T17XNA_max_mpf.nc,/cpnet/li3_cpdata/SATS/COLOCATION_S1_S2/aa533193a035/processing_output/S1A_EW_GRDM_1SDH_20230603T114600_20230603T114709_048821_05DF0A_421F__S2A_MSIL1C_20230603T175921_N0510_R041_T17XNA_20241009T160616__collocated.data,S1A_EW_GRDM_1SDH_20230603T114600_20230603T114709_048821_05DF0A_421F,S2A_MSIL1C_20230603T175921_N0510_R041_T17XNA_20241009T160616
3,/home/wch/MPF_Navirah/processed_mpf_collocated/S2A_MSIL1C_20230603T175921_N0509_R041_T17XNA_20230603T213951/20230603_T17XNA_max_mpf.nc,/cpnet/li3_cpdata/SATS/COLOCATION_S1_S2/aa533193a035/processing_output/S1A_EW_GRDM_1SDH_20230603T114600_20230603T114709_048821_05DF0A_421F__S2A_MSIL1C_20230603T175921_N0509_R041_T17XNA_20230603T213951__collocated.data,S1A_EW_GRDM_1SDH_20230603T114600_20230603T114709_048821_05DF0A_421F,S2A_MSIL1C_20230603T175921_N0509_R041_T17XNA_20230603T213951
4,/home/wch/MPF_Navirah/processed_mpf_collocated/S2A_MSIL1C_20230611T171901_N0510_R012_T17XNA_20240909T101145/20230611_T17XNA_max_mpf.nc,/cpnet/li3_cpdata/SATS/COLOCATION_S1_S2/aa533193a035/processing_output/S1A_EW_GRDM_1SDH_20230611T121937_20230611T122037_048938_05E287_9B62__S2A_MSIL1C_20230611T171901_N0510_R012_T17XNA_20240909T101145__collocated.data,S1A_EW_GRDM_1SDH_20230611T121937_20230611T122037_048938_05E287_9B62,S2A_MSIL1C_20230611T171901_N0510_R012_T17XNA_20240909T101145
5,/home/wch/MPF_Navirah/processed_mpf_collocated/S2A_MSIL1C_20230610T174911_N0509_R141_T17XNA_20230610T213434/20230610_T17XNA_max_mpf.nc,/cpnet/li3_cpdata/SATS/COLOCATION_S1_S2/aa533193a035/processing_output/S1A_EW_GRDM_1SDH_20230611T121937_20230611T122037_048938_05E287_9B62__S2A_MSIL1C_20230610T174911_N0509_R141_T17XNA_20230610T213434__collocated.data,S1A_EW_GRDM_1SDH_20230611T121937_20230611T122037_048938_05E287_9B62,S2A_MSIL1C_20230610T174911_N0509_R141_T17XNA_20230610T213434
6,/home/wch/MPF_Navirah/processed_mpf_collocated/S2A_MSIL1C_20230610T174911_N0510_R141_T17XNA_20240909T021318/20230610_T17XNA_max_mpf.nc,/cpnet/li3_cpdata/SATS/COLOCATION_S1_S2/aa533193a035/processing_output/S1A_EW_GRDM_1SDH_20230611T121937_20230611T122037_048938_05E287_9B62__S2A_MSIL1C_20230610T174911_N0510_R141_T17XNA_20240909T021318__collocated.data,S1A_EW_GRDM_1SDH_20230611T121937_20230611T122037_048938_05E287_9B62,S2A_MSIL1C_20230610T174911_N0510_R141_T17XNA_20240909T021318
7,/home/wch/MPF_Navirah/processed_mpf_collocated/S2A_MSIL1C_20230613T175921_N0509_R041_T17XNA_20230613T213911/20230613_T17XNA_max_mpf.nc,/cpnet/li3_cpdata/SATS/COLOCATION_S1_S2/aa533193a035/processing_output/S1A_EW_GRDM_1SDH_20230613T120224_20230613T120324_048967_05E379_AFA9__S2A_MSIL1C_20230613T175921_N0509_R041_T17XNA_20230613T213911__collocated.data,S1A_EW_GRDM_1SDH_20230613T120224_20230613T120324_048967_05E379_AFA9,S2A_MSIL1C_20230613T175921_N0509_R041_T17XNA_20230613T213911
8,/home/wch/MPF_Navirah/processed_mpf_collocated/S2A_MSIL1C_20230613T175921_N0510_R041_T17XNA_20240912T115950/20230613_T17XNA_max_mpf.nc,/cpnet/li3_cpdata/SATS/COLOCATION_S1_S2/aa533193a035/processing_output/S1A_EW_GRDM_1SDH_20230613T120224_20230613T120324_048967_05E379_AFA9__S2A_MSIL1C_20230613T175921_N0510_R041_T17XNA_20240912T115950__collocated.data,S1A_EW_GRDM_1SDH_20230613T120224_20230613T120324_048967_05E379_AFA9,S2A_MSIL1C_20230613T175921_N0510_R041_T17XNA_20240912T115950
9,/home/wch/MPF_Navirah/processed_mpf_collocated/S2A_MSIL1C_20230613T175921_N0509_R041_T17XNA_20230613T213911/20230613_T17XNA_max_mpf.nc,/cpnet/li3_cpdata/SATS/COLOCATION_S1_S2/aa533193a035/processing_output/S1A_EW_GRDM_1SDH_20230613T120324_20230613T120424_048967_05E379_7C5A__S2A_MSIL1C_20230613T175921_N0509_R041_T17XNA_20230613T213911__collocated.data,S1A_EW_GRDM_1SDH_20230613T120324_20230613T120424_048967_05E379_7C5A,S2A_MSIL1C_20230613T175921_N0509_R041_T17XNA_20230613T213911
10,/home/wch/MPF_Navirah/processed_mpf_collocated/S2A_MSIL1C_20230613T175921_N0510_R041_T17XNA_20240912T115950/20230613_T17XNA_max_mpf.nc,/cpnet/li3_cpdata/SATS/COLOCATION_S1_S2/aa533193a035/processing_output/S1A_EW_GRDM_1SDH_20230613T120324_20230613T120424_048967_05E379_7C5A__S2A_MSIL1C_20230613T175921_N0510_R041_T17XNA_20240912T115950__collocated.data,S1A_EW_GRDM_1SDH_20230613T120324_20230613T120424_048967_05E379_7C5A,S2A_MSIL1C_20230613T175921_N0510_R041_T17XNA_20240912T115950
11,/home/wch/MPF_Navirah/processed_mpf_collocated/S2A_MSIL1C_20230614T172901_N0510_R055_T17XNA_20240929T211910/20230614_T17XNA_max_mpf.nc,/cpnet/li3_cpdata/SATS/COLOCATION_S1_S2/aa533193a035/processing_output/S1A_EW_GRDM_1SDH_20230615T114601_20230615T114701_048996_05E45F_70A0__S2A_MSIL1C_20230614T172901_N0510_R055_T17XNA_20240929T211910__collocated.data,S1A_EW_GRDM_1SDH_20230615T114601_20230615T114701_048996_05E45F_70A0,S2A_MSIL1C_20230614T172901_N0510_R055_T17XNA_20240929T211910
12,/home/wch/MPF_Navirah/processed_mpf_collocated/S2A_MSIL1C_20230614T172901_N0509_R055_T17XNA_20230614T210815/20230614_T17XNA_max_mpf.nc,/cpnet/li3_cpdata/SATS/COLOCATION_S1_S2/aa533193a035/processing_output/S1A_EW_GRDM_1SDH_20230615T114601_20230615T114701_048996_05E45F_70A0__S2A_MSIL1C_20230614T172901_N0509_R055_T17XNA_20230614T210815__collocated.data,S1A_EW_GRDM_1SDH_20230615T114601_20230615T114701_048996_05E45F_70A0,S2A_MSIL1C_20230614T172901_N0509_R055_T17XNA_20230614T210815
13,/home/wch/MPF_Navirah/processed_mpf_collocated/S2A_MSIL1C_20230614T172901_N0510_R055_T17XNA_20240929T211910/20230614_T17XNA_max_mpf.nc,/cpnet/li3_cpdata/SATS/COLOCATION_S1_S2/aa533193a035/processing_output/S1A_EW_GRDM_1SDH_20230615T114701_20230615T114758_048996_05E45F_1378__S2A_MSIL1C_20230614T172901_N0510_R055_T17XNA_20240929T211910__collocated.data,S1A_EW_GRDM_1SDH_20230615T114701_20230615T114758_048996_05E45F_1378,S2A_MSIL1C_20230614T172901_N0510_R055_T17XNA_20240929T211910
14,/home/wch/MPF_Navirah/processed_mpf_collocated/S2A_MSIL1C_20230614T172901_N0509_R055_T17XNA_20230614T210815/20230614_T17XNA_max_mpf.nc,/cpnet/li3_cpdata/SATS/COLOCATION_S1_S2/aa533193a035/processing_output/S1A_EW_GRDM_1SDH_20230615T114701_20230615T114758_048996_05E45F_1378__S2A_MSIL1C_20230614T172901_N0509_R055_T17XNA_20230614T210815__collocated.data,S1A_EW_GRDM_1SDH_20230615T114701_20230615T114758_048996_05E45F_1378,S2A_MSIL1C_20230614T172901_N0509_R055_T17XNA_20230614T210815
15,/home/wch/MPF_Navirah/processed_mpf_collocated/S2A_MSIL1C_20230617T173911_N0510_R098_T17XNA_20240927T174924/20230617_T17XNA_max_mpf.nc,/cpnet/li3_cpdata/SATS/COLOCATION_S1_S2/aa533193a035/processing_output/S1A_EW_GRDM_1SDH_20230618T121126_20230618T121226_049040_05E5AF_5C86__S2A_MSIL1C_20230617T173911_N0510_R098_T17XNA_20240927T174924__collocated.data,S1A_EW_GRDM_1SDH_20230618T121126_20230618T121226_049040_05E5AF_5C86,S2A_MSIL1C_20230617T173911_N0510_R098_T17XNA_20240927T174924
16,/home/wch/MPF_Navirah/processed_mpf_collocated/S2A_MSIL1C_20230617T173911_N0509_R098_T17XNA_20230617T224049/20230617_T17XNA_max_mpf.nc,/cpnet/li3_cpdata/SATS/COLOCATION_S1_S2/aa533193a035/processing_output/S1A_EW_GRDM_1SDH_20230618T121126_20230618T121226_049040_05E5AF_5C86__S2A_MSIL1C_20230617T173911_N0509_R098_T17XNA_20230617T224049__collocated.data,S1A_EW_GRDM_1SDH_20230618T121126_20230618T121226_049040_05E5AF_5C86,S2A_MSIL1C_20230617T173911_N0509_R098_T17XNA_20230617T224049
17,/home/wch/MPF_Navirah/processed_mpf_collocated/S2A_MSIL1C_20230620T174911_N0509_R141_T17XNA_20230620T213535/20230620_T17XNA_max_mpf.nc,/cpnet/li3_cpdata/SATS/COLOCATION_S1_S2/aa533193a035/processing_output/S1A_EW_GRDM_1SDH_20230621T123600_20230621T123700_049084_05E706_A498__S2A_MSIL1C_20230620T174911_N0509_R141_T17XNA_20230620T213535__collocated.data,S1A_EW_GRDM_1SDH_20230621T123600_20230621T123700_049084_05E706_A498,S2A_MSIL1C_20230620T174911_N0509_R141_T17XNA_20230620T213535
18,/home/wch/MPF_Navirah/processed_mpf_collocated/S2A_MSIL1C_20230620T174911_N0510_R141_T17XNA_20240910T173240/20230620_T17XNA_max_mpf.nc,/cpnet/li3_cpdata/SATS/COLOCATION_S1_S2/aa533193a035/processing_output/S1A_EW_GRDM_1SDH_20230621T123600_20230621T123700_049084_05E706_A498__S2A_MSIL1C_20230620T174911_N0510_R141_T17XNA_20240910T173240__collocated.data,S1A_EW_GRDM_1SDH_20230621T123600_20230621T123700_049084_05E706_A498,S2A_MSIL1C_20230620T174911_N0510_R141_T17XNA_20240910T173240
19,/home/wch/MPF_Navirah/processed_mpf_collocated/S2A_MSIL1C_20230627T173911_N0510_R098_T17XNA_20241003T063736/20230627_T17XNA_max_mpf.nc,/cpnet/li3_cpdata/SATS/COLOCATION_S1_S2/aa533193a035/processing_output/S1A_EW_GRDM_1SDH_20230627T114601_20230627T114701_049171_05E9B5_5AF7__S2A_MSIL1C_20230627T173911_N0510_R098_T17XNA_20241003T063736__collocated.data,S1A_EW_GRDM_1SDH_20230627T114601_20230627T114701_049171_05E9B5_5AF7,S2A_MSIL1C_20230627T173911_N0510_R098_T17XNA_20241003T063736
20,/home/wch/MPF_Navirah/processed_mpf_collocated/S2A_MSIL1C_20230627T173911_N0509_R098_T17XNA_20230627T224026/20230627_T17XNA_max_mpf.nc,/cpnet/li3_cpdata/SATS/COLOCATION_S1_S2/aa533193a035/processing_output/S1A_EW_GRDM_1SDH_20230627T114601_20230627T114701_049171_05E9B5_5AF7__S2A_MSIL1C_20230627T173911_N0509_R098_T17XNA_20230627T224026__collocated.data,S1A_EW_GRDM_1SDH_20230627T114601_20230627T114701_049171_05E9B5_5AF7,S2A_MSIL1C_20230627T173911_N0509_R098_T17XNA_20230627T224026
21,/home/wch/MPF_Navirah/processed_mpf_collocated/S2A_MSIL1C_20230627T173911_N0510_R098_T17XNA_20241003T063736/20230627_T17XNA_max_mpf.nc,/cpnet/li3_cpdata/SATS/COLOCATION_S1_S2/aa533193a035/processing_output/S1A_EW_GRDM_1SDH_20230627T114701_20230627T114759_049171_05E9B5_D911__S2A_MSIL1C_20230627T173911_N0510_R098_T17XNA_20241003T063736__collocated.data,S1A_EW_GRDM_1SDH_20230627T114701_20230627T114759_049171_05E9B5_D911,S2A_MSIL1C_20230627T173911_N0510_R098_T17XNA_20241003T063736
22,/home/wch/MPF_Navirah/processed_mpf_collocated/S2A_MSIL1C_20230627T173911_N0509_R098_T17XNA_20230627T224026/20230627_T17XNA_max_mpf.nc,/cpnet/li3_cpdata/SATS/COLOCATION_S1_S2/aa533193a035/processing_output/S1A_EW_GRDM_1SDH_20230627T114701_20230627T114759_049171_05E9B5_D911__S2A_MSIL1C_20230627T173911_N0509_R098_T17XNA_20230627T224026__collocated.data,S1A_EW_GRDM_1SDH_20230627T114701_20230627T114759_049171_05E9B5_D911,S2A_MSIL1C_20230627T173911_N0509_R098_T17XNA_20230627T224026
23,/home/wch/MPF_Navirah/processed_mpf_collocated/S2A_MSIL1C_20230630T174911_N0510_R141_T17XNA_20241002T145408/20230630_T17XNA_max_mpf.nc,/cpnet/li3_cpdata/SATS/COLOCATION_S1_S2/aa533193a035/processing_output/S1A_EW_GRDM_1SDH_20230630T121127_20230630T121227_049215_05EAFB_0CF1__S2A_MSIL1C_20230630T174911_N0510_R141_T17XNA_20241002T145408__collocated.data,S1A_EW_GRDM_1SDH_20230630T121127_20230630T121227_049215_05EAFB_0CF1,S2A_MSIL1C_20230630T174911_N0510_R141_T17XNA_20241002T145408
24,/home/wch/MPF_Navirah/processed_mpf_collocated/S2A_MSIL1C_20230630T174911_N0509_R141_T17XNA_20230630T224826/20230630_T17XNA_max_mpf.nc,/cpnet/li3_cpdata/SATS/COLOCATION_S1_S2/aa533193a035/processing_output/S1A_EW_GRDM_1SDH_20230630T121127_20230630T121227_049215_05EAFB_0CF1__S2A_MSIL1C_20230630T174911_N0509_R141_T17XNA_20230630T224826__collocated.data,S1A_EW_GRDM_1SDH_20230630T121127_20230630T121227_049215_05EAFB_0CF1,S2A_MSIL1C_20230630T174911_N0509_R141_T17XNA_20230630T224826
25,/home/wch/MPF_Navirah/processed_mpf_collocated/S2A_MSIL1C_20230703T175921_N0510_R041_T17XNA_20240911T020330/20230703_T17XNA_max_mpf.nc,/cpnet/li3_cpdata/SATS/COLOCATION_S1_S2/aa533193a035/processing_output/S1A_EW_GRDM_1SDH_20230703T123601_20230703T123701_049259_05EC59_D8B7__S2A_MSIL1C_20230703T175921_N0510_R041_T17XNA_20240911T020330__collocated.data,S1A_EW_GRDM_1SDH_20230703T123601_20230703T123701_049259_05EC59_D8B7,S2A_MSIL1C_20230703T175921_N0510_R041_T17XNA_20240911T020330
26,/home/wch/MPF_Navirah/processed_mpf_collocated/S2A_MSIL1C_20230703T175921_N0509_R041_T17XNA_20230703T213820/20230703_T17XNA_max_mpf.nc,/cpnet/li3_cpdata/SATS/COLOCATION_S1_S2/aa533193a035/processing_output/S1A_EW_GRDM_1SDH_20230703T123601_20230703T123701_049259_05EC59_D8B7__S2A_MSIL1C_20230703T175921_N0509_R041_T17XNA_20230703T213820__collocated.data,S1A_EW_GRDM_1SDH_20230703T123601_20230703T123701_049259_05EC59_D8B7,S2A_MSIL1C_20230703T175921_N0509_R041_T17XNA_20230703T213820
27,/home/wch/MPF_Navirah/processed_mpf_collocated/S2A_MSIL1C_20230704T172901_N0510_R055_T17XNA_20241021T021953/20230704_T17XNA_max_mpf.nc,/cpnet/li3_cpdata/SATS/COLOCATION_S1_S2/aa533193a035/processing_output/S1A_EW_GRDM_1SDH_20230705T121939_20230705T122039_049288_05ED3C_7B0D__S2A_MSIL1C_20230704T172901_N0510_R055_T17XNA_20241021T021953__collocated.data,S1A_EW_GRDM_1SDH_20230705T121939_20230705T122039_049288_05ED3C_7B0D,S2A_MSIL1C_20230704T172901_N0510_R055_T17XNA_20241021T021953
28,/home/wch/MPF_Navirah/processed_mpf_collocated/S2A_MSIL1C_20230704T172901_N0509_R055_T17XNA_20230704T211628/20230704_T17XNA_max_mpf.nc,/cpnet/li3_cpdata/SATS/COLOCATION_S1_S2/aa533193a035/processing_output/S1A_EW_GRDM_1SDH_20230705T121939_20230705T122039_049288_05ED3C_7B0D__S2A_MSIL1C_20230704T172901_N0509_R055_T17XNA_20230704T211628__collocated.data,S1A_EW_GRDM_1SDH_20230705T121939_20230705T122039_049288_05ED3C_7B0D,S2A_MSIL1C_20230704T172901_N0509_R055_T17XNA_20230704T211628
29,/home/wch/MPF_Navirah/processed_mpf_collocated/S2A_MSIL1C_20230711T171901_N0510_R012_T17XNA_20241019T123000/20230711_T17XNA_max_mpf.nc,/cpnet/li3_cpdata/SATS/COLOCATION_S1_S2/aa533193a035/processing_output/S1A_EW_GRDM_1SDH_20230712T121128_20230712T121228_049390_05F06E_5370__S2A_MSIL1C_20230711T171901_N0510_R012_T17XNA_20241019T123000__collocated.data,S1A_EW_GRDM_1SDH_20230712T121128_20230712T121228_049390_05F06E_5370,S2A_MSIL1C_20230711T171901_N0510_R012_T17XNA_20241019T123000
30,/home/wch/MPF_Navirah/processed_mpf_collocated/S2A_MSIL1C_20230711T171901_N0509_R012_T17XNA_20230711T222015/20230711_T17XNA_max_mpf.nc,/cpnet/li3_cpdata/SATS/COLOCATION_S1_S2/aa533193a035/processing_output/S1A_EW_GRDM_1SDH_20230712T121128_20230712T121228_049390_05F06E_5370__S2A_MSIL1C_20230711T171901_N0509_R012_T17XNA_20230711T222015__collocated.data,S1A_EW_GRDM_1SDH_20230712T121128_20230712T121228_049390_05F06E_5370,S2A_MSIL1C_20230711T171901_N0509_R012_T17XNA_20230711T222015
31,/home/wch/MPF_Navirah/processed_mpf_collocated/S2A_MSIL1C_20230714T172901_N0510_R055_T17XNA_20240926T023732/20230714_T17XNA_max_mpf.nc,/cpnet/li3_cpdata/SATS/COLOCATION_S1_S2/aa533193a035/processing_output/S1A_EW_GRDM_1SDH_20230714T115508_20230714T115608_049419_05F152_0AC7__S2A_MSIL1C_20230714T172901_N0510_R055_T17XNA_20240926T023732__collocated.data,S1A_EW_GRDM_1SDH_20230714T115508_20230714T115608_049419_05F152_0AC7,S2A_MSIL1C_20230714T172901_N0510_R055_T17XNA_20240926T023732
32,/home/wch/MPF_Navirah/processed_mpf_collocated/S2A_MSIL1C_20230714T172901_N0509_R055_T17XNA_20230714T211520/20230714_T17XNA_max_mpf.nc,/cpnet/li3_cpdata/SATS/COLOCATION_S1_S2/aa533193a035/processing_output/S1A_EW_GRDM_1SDH_20230714T115508_20230714T115608_049419_05F152_0AC7__S2A_MSIL1C_20230714T172901_N0509_R055_T17XNA_20230714T211520__collocated.data,S1A_EW_GRDM_1SDH_20230714T115508_20230714T115608_049419_05F152_0AC7,S2A_MSIL1C_20230714T172901_N0509_R055_T17XNA_20230714T211520
33,/home/wch/MPF_Navirah/processed_mpf_collocated/S2A_MSIL1C_20230713T175921_N0510_R041_T17XNA_20240913T081752/20230713_T17XNA_max_mpf.nc,/cpnet/li3_cpdata/SATS/COLOCATION_S1_S2/aa533193a035/processing_output/S1A_EW_GRDM_1SDH_20230714T115508_20230714T115608_049419_05F152_0AC7__S2A_MSIL1C_20230713T175921_N0510_R041_T17XNA_20240913T081752__collocated.data,S1A_EW_GRDM_1SDH_20230714T115508_20230714T115608_049419_05F152_0AC7,S2A_MSIL1C_20230713T175921_N0510_R041_T17XNA_20240913T081752
34,/home/wch/MPF_Navirah/processed_mpf_collocated/S2A_MSIL1C_20230713T175921_N0509_R041_T17XNA_20230713T214512/20230713_T17XNA_max_mpf.nc,/cpnet/li3_cpdata/SATS/COLOCATION_S1_S2/aa533193a035/processing_output/S1A_EW_GRDM_1SDH_20230714T115508_20230714T115608_049419_05F152_0AC7__S2A_MSIL1C_20230713T175921_N0509_R041_T17XNA_20230713T214512__collocated.data,S1A_EW_GRDM_1SDH_20230714T115508_20230714T115608_049419_05F152_0AC7,S2A_MSIL1C_20230713T175921_N0509_R041_T17XNA_20230713T214512
35,/home/wch/MPF_Navirah/processed_mpf_collocated/S2A_MSIL1C_20230714T172901_N0510_R055_T17XNA_20240926T023732/20230714_T17XNA_max_mpf.nc,/cpnet/li3_cpdata/SATS/COLOCATION_S1_S2/aa533193a035/processing_output/S1A_EW_GRDM_1SDH_20230715T123602_20230715T123702_049434_05F1C5_1EDA__S2A_MSIL1C_20230714T172901_N0510_R055_T17XNA_20240926T023732__collocated.data,S1A_EW_GRDM_1SDH_20230715T123602_20230715T123702_049434_05F1C5_1EDA,S2A_MSIL1C_20230714T172901_N0510_R055_T17XNA_20240926T023732
36,/home/wch/MPF_Navirah/processed_mpf_collocated/S2A_MSIL1C_20230714T172901_N0509_R055_T17XNA_20230714T211520/20230714_T17XNA_max_mpf.nc,/cpnet/li3_cpdata/SATS/COLOCATION_S1_S2/aa533193a035/processing_output/S1A_EW_GRDM_1SDH_20230715T123602_20230715T123702_049434_05F1C5_1EDA__S2A_MSIL1C_20230714T172901_N0509_R055_T17XNA_20230714T211520__collocated.data,S1A_EW_GRDM_1SDH_20230715T123602_20230715T123702_049434_05F1C5_1EDA,S2A_MSIL1C_20230714T172901_N0509_R055_T17XNA_20230714T211520
37,/home/wch/MPF_Navirah/processed_mpf_collocated/S2A_MSIL1C_20230717T173911_N0510_R098_T17XNA_20241013T182352/20230717_T17XNA_max_mpf.nc,/cpnet/li3_cpdata/SATS/COLOCATION_S1_S2/aa533193a035/processing_output/S1A_EW_GRDM_1SDH_20230717T121940_20230717T122040_049463_05F29E_D2F8__S2A_MSIL1C_20230717T173911_N0510_R098_T17XNA_20241013T182352__collocated.data,S1A_EW_GRDM_1SDH_20230717T121940_20230717T122040_049463_05F29E_D2F8,S2A_MSIL1C_20230717T173911_N0510_R098_T17XNA_20241013T182352
38,/home/wch/MPF_Navirah/processed_mpf_collocated/S2A_MSIL1C_20230717T173911_N0509_R098_T17XNA_20230717T212544/20230717_T17XNA_max_mpf.nc,/cpnet/li3_cpdata/SATS/COLOCATION_S1_S2/aa533193a035/processing_output/S1A_EW_GRDM_1SDH_20230717T121940_20230717T122040_049463_05F29E_D2F8__S2A_MSIL1C_20230717T173911_N0509_R098_T17XNA_20230717T212544__collocated.data,S1A_EW_GRDM_1SDH_20230717T121940_20230717T122040_049463_05F29E_D2F8,S2A_MSIL1C_20230717T173911_N0509_R098_T17XNA_20230717T212544
39,/home/wch/MPF_Navirah/processed_mpf_collocated/S2A_MSIL1C_20230720T174911_N0510_R141_T17XNA_20241014T140653/20230720_T17XNA_max_mpf.nc,/cpnet/li3_cpdata/SATS/COLOCATION_S1_S2/aa533193a035/processing_output/S1A_EW_GRDM_1SDH_20230721T114603_20230721T114703_049521_05F46F_6FCB__S2A_MSIL1C_20230720T174911_N0510_R141_T17XNA_20241014T140653__collocated.data,S1A_EW_GRDM_1SDH_20230721T114603_20230721T114703_049521_05F46F_6FCB,S2A_MSIL1C_20230720T174911_N0510_R141_T17XNA_20241014T140653
40,/home/wch/MPF_Navirah/processed_mpf_collocated/S2A_MSIL1C_20230720T174911_N0509_R141_T17XNA_20230724T124253/20230720_T17XNA_max_mpf.nc,/cpnet/li3_cpdata/SATS/COLOCATION_S1_S2/aa533193a035/processing_output/S1A_EW_GRDM_1SDH_20230721T114603_20230721T114703_049521_05F46F_6FCB__S2A_MSIL1C_20230720T174911_N0509_R141_T17XNA_20230724T124253__collocated.data,S1A_EW_GRDM_1SDH_20230721T114603_20230721T114703_049521_05F46F_6FCB,S2A_MSIL1C_20230720T174911_N0509_R141_T17XNA_20230724T124253
41,/home/wch/MPF_Navirah/processed_mpf_collocated/S2A_MSIL1C_20230720T174911_N0510_R141_T17XNA_20241014T140653/20230720_T17XNA_max_mpf.nc,/cpnet/li3_cpdata/SATS/COLOCATION_S1_S2/aa533193a035/processing_output/S1A_EW_GRDM_1SDH_20230721T114703_20230721T114801_049521_05F46F_E93B__S2A_MSIL1C_20230720T174911_N0510_R141_T17XNA_20241014T140653__collocated.data,S1A_EW_GRDM_1SDH_20230721T114703_20230721T114801_049521_05F46F_E93B,S2A_MSIL1C_20230720T174911_N0510_R141_T17XNA_20241014T140653
42,/home/wch/MPF_Navirah/processed_mpf_collocated/S2A_MSIL1C_20230720T174911_N0509_R141_T17XNA_20230724T124253/20230720_T17XNA_max_mpf.nc,/cpnet/li3_cpdata/SATS/COLOCATION_S1_S2/aa533193a035/processing_output/S1A_EW_GRDM_1SDH_20230721T114703_20230721T114801_049521_05F46F_E93B__S2A_MSIL1C_20230720T174911_N0509_R141_T17XNA_20230724T124253__collocated.data,S1A_EW_GRDM_1SDH_20230721T114703_20230721T114801_049521_05F46F_E93B,S2A_MSIL1C_20230720T174911_N0509_R141_T17XNA_20230724T124253
43,/home/wch/MPF_Navirah/processed_mpf_collocated/S2A_MSIL1C_20230724T172901_N0510_R055_T17XNA_20241014T093009/20230724_T17XNA_max_mpf.nc,/cpnet/li3_cpdata/SATS/COLOCATION_S1_S2/aa533193a035/processing_output/S1A_EW_GRDM_1SDH_20230724T121129_20230724T121229_049565_05F5C2_DEFD__S2A_MSIL1C_20230724T172901_N0510_R055_T17XNA_20241014T093009__collocated.data,S1A_EW_GRDM_1SDH_20230724T121129_20230724T121229_049565_05F5C2_DEFD,S2A_MSIL1C_20230724T172901_N0510_R055_T17XNA_20241014T093009
44,/home/wch/MPF_Navirah/processed_mpf_collocated/S2A_MSIL1C_20230724T172901_N0509_R055_T17XNA_20230724T211743/20230724_T17XNA_max_mpf.nc,/cpnet/li3_cpdata/SATS/COLOCATION_S1_S2/aa533193a035/processing_output/S1A_EW_GRDM_1SDH_20230724T121129_20230724T121229_049565_05F5C2_DEFD__S2A_MSIL1C_20230724T172901_N0509_R055_T17XNA_20230724T211743__collocated.data,S1A_EW_GRDM_1SDH_20230724T121129_20230724T121229_049565_05F5C2_DEFD,S2A_MSIL1C_20230724T172901_N0509_R055_T17XNA_20230724T211743
45,/home/wch/MPF_Navirah/processed_mpf_collocated/S2A_MSIL1C_20230723T175921_N0510_R041_T17XNA_20240916T130237/20230723_T17XNA_max_mpf.nc,/cpnet/li3_cpdata/SATS/COLOCATION_S1_S2/aa533193a035/processing_output/S1A_EW_GRDM_1SDH_20230724T121129_20230724T121229_049565_05F5C2_DEFD__S2A_MSIL1C_20230723T175921_N0510_R041_T17XNA_20240916T130237__collocated.data,S1A_EW_GRDM_1SDH_20230724T121129_20230724T121229_049565_05F5C2_DEFD,S2A_MSIL1C_20230723T175921_N0510_R041_T17XNA_20240916T130237
46,/home/wch/MPF_Navirah/processed_mpf_collocated/S2A_MSIL1C_20230723T175921_N0509_R041_T17XNA_20230723T214524/20230723_T17XNA_max_mpf.nc,/cpnet/li3_cpdata/SATS/COLOCATION_S1_S2/aa533193a035/processing_output/S1A_EW_GRDM_1SDH_20230724T121129_20230724T121229_049565_05F5C2_DEFD__S2A_MSIL1C_20230723T175921_N0509_R041_T17XNA_20230723T214524__collocated.data,S1A_EW_GRDM_1SDH_20230724T121129_20230724T121229_049565_05F5C2_DEFD,S2A_MSIL1C_20230723T175921_N0509_R041_T17XNA_20230723T214524
47,/home/wch/MPF_Navirah/processed_mpf_collocated/S2A_MSIL1C_20230723T175921_N0510_R041_T17XNA_20240911T100153/20230723_T17XNA_max_mpf.nc,/cpnet/li3_cpdata/SATS/COLOCATION_S1_S2/aa533193a035/processing_output/S1A_EW_GRDM_1SDH_20230724T121129_20230724T121229_049565_05F5C2_DEFD__S2A_MSIL1C_20230723T175921_N0510_R041_T17XNA_20240911T100153__collocated.data,S1A_EW_GRDM_1SDH_20230724T121129_20230724T121229_049565_05F5C2_DEFD,S2A_MSIL1C_20230723T175921_N0510_R041_T17XNA_20240911T100153
48,/home/wch/MPF_Navirah/processed_mpf_collocated/S2A_MSIL1C_20230723T175921_N0509_R041_T17XNA_20230723T214058/20230723_T17XNA_max_mpf.nc,/cpnet/li3_cpdata/SATS/COLOCATION_S1_S2/aa533193a035/processing_output/S1A_EW_GRDM_1SDH_20230724T121129_20230724T121229_049565_05F5C2_DEFD__S2A_MSIL1C_20230723T175921_N0509_R041_T17XNA_20230723T214058__collocated.data,S1A_EW_GRDM_1SDH_20230724T121129_20230724T121229_049565_05F5C2_DEFD,S2A_MSIL1C_20230723T175921_N0509_R041_T17XNA_20230723T214058
49,/home/wch/MPF_Navirah/processed_mpf_collocated/S2A_MSIL1C_20230727T173911_N0510_R098_T17XNA_20241010T091941/20230727_T17XNA_max_mpf.nc,/cpnet/li3_cpdata/SATS/COLOCATION_S1_S2/aa533193a035/processing_output/S1A_EW_GRDM_1SDH_20230727T123603_20230727T123703_049609_05F725_DE81__S2A_MSIL1C_20230727T173911_N0510_R098_T17XNA_20241010T091941__collocated.data,S1A_EW_GRDM_1SDH_20230727T123603_20230727T123703_049609_05F725_DE81,S2A_MSIL1C_20230727T173911_N0510_R098_T17XNA_20241010T091941
50,/home/wch/MPF_Navirah/processed_mpf_collocated/S2A_MSIL1C_20230727T173911_N0509_R098_T17XNA_20230727T212541/20230727_T17XNA_max_mpf.nc,/cpnet/li3_cpdata/SATS/COLOCATION_S1_S2/aa533193a035/processing_output/S1A_EW_GRDM_1SDH_20230727T123603_20230727T123703_049609_05F725_DE81__S2A_MSIL1C_20230727T173911_N0509_R098_T17XNA_20230727T212541__collocated.data,S1A_EW_GRDM_1SDH_20230727T123603_20230727T123703_049609_05F725_DE81,S2A_MSIL1C_20230727T173911_N0509_R098_T17XNA_20230727T212541
51,/home/wch/MPF_Navirah/processed_mpf_collocated/S2A_MSIL1C_20230731T171901_N0509_R012_T17XNA_20230731T210543/20230731_T17XNA_max_mpf.nc,/cpnet/li3_cpdata/SATS/COLOCATION_S1_S2/aa533193a035/processing_output/S1A_EW_GRDM_1SDH_20230731T120226_20230731T120326_049667_05F8F0_1705__S2A_MSIL1C_20230731T171901_N0509_R012_T17XNA_20230731T210543__collocated.data,S1A_EW_GRDM_1SDH_20230731T120226_20230731T120326_049667_05F8F0_1705,S2A_MSIL1C_20230731T171901_N0509_R012_T17XNA_20230731T210543
52,/home/wch/MPF_Navirah/processed_mpf_collocated/S2A_MSIL1C_20230731T171901_N0510_R012_T17XNA_20240911T140232/20230731_T17XNA_max_mpf.nc,/cpnet/li3_cpdata/SATS/COLOCATION_S1_S2/aa533193a035/processing_output/S1A_EW_GRDM_1SDH_20230731T120226_20230731T120326_049667_05F8F0_1705__S2A_MSIL1C_20230731T171901_N0510_R012_T17XNA_20240911T140232__collocated.data,S1A_EW_GRDM_1SDH_20230731T120226_20230731T120326_049667_05F8F0_1705,S2A_MSIL1C_20230731T171901_N0510_R012_T17XNA_20240911T140232
53,/home/wch/MPF_Navirah/processed_mpf_collocated/S2A_MSIL1C_20230730T174911_N0510_R141_T17XNA_20241012T175332/20230730_T17XNA_max_mpf.nc,/cpnet/li3_cpdata/SATS/COLOCATION_S1_S2/aa533193a035/processing_output/S1A_EW_GRDM_1SDH_20230731T120226_20230731T120326_049667_05F8F0_1705__S2A_MSIL1C_20230730T174911_N0510_R141_T17XNA_20241012T175332__collocated.data,S1A_EW_GRDM_1SDH_20230731T120226_20230731T120326_049667_05F8F0_1705,S2A_MSIL1C_20230730T174911_N0510_R141_T17XNA_20241012T175332
54,/home/wch/MPF_Navirah/processed_mpf_collocated/S2A_MSIL1C_20230730T174911_N0509_R141_T17XNA_20230730T213649/20230730_T17XNA_max_mpf.nc,/cpnet/li3_cpdata/SATS/COLOCATION_S1_S2/aa533193a035/processing_output/S1A_EW_GRDM_1SDH_20230731T120226_20230731T120326_049667_05F8F0_1705__S2A_MSIL1C_20230730T174911_N0509_R141_T17XNA_20230730T213649__collocated.data,S1A_EW_GRDM_1SDH_20230731T120226_20230731T120326_049667_05F8F0_1705,S2A_MSIL1C_20230730T174911_N0509_R141_T17XNA_20230730T213649
55,/home/wch/MPF_Navirah/processed_mpf_collocated/S2A_MSIL1C_20230731T171901_N0510_R012_T17XNA_20241020T211230/20230731_T17XNA_max_mpf.nc,/cpnet/li3_cpdata/SATS/COLOCATION_S1_S2/aa533193a035/processing_output/S1A_EW_GRDM_1SDH_20230731T120326_20230731T120426_049667_05F8F0_F318__S2A_MSIL1C_20230731T171901_N0510_R012_T17XNA_20241020T211230__collocated.data,S1A_EW_GRDM_1SDH_20230731T120326_20230731T120426_049667_05F8F0_F318,S2A_MSIL1C_20230731T171901_N0510_R012_T17XNA_20241020T211230
56,/home/wch/MPF_Navirah/processed_mpf_collocated/S2A_MSIL1C_20230731T171901_N0509_R012_T17XNA_20230731T222200/20230731_T17XNA_max_mpf.nc,/cpnet/li3_cpdata/SATS/COLOCATION_S1_S2/aa533193a035/processing_output/S1A_EW_GRDM_1SDH_20230731T120326_20230731T120426_049667_05F8F0_F318__S2A_MSIL1C_20230731T171901_N0509_R012_T17XNA_20230731T222200__collocated.data,S1A_EW_GRDM_1SDH_20230731T120326_20230731T120426_049667_05F8F0_F318,S2A_MSIL1C_20230731T171901_N0509_R012_T17XNA_20230731T222200
57,/home/wch/MPF_Navirah/processed_mpf_collocated/S2A_MSIL1C_20230731T171901_N0509_R012_T17XNA_20230731T210543/20230731_T17XNA_max_mpf.nc,/cpnet/li3_cpdata/SATS/COLOCATION_S1_S2/aa533193a035/processing_output/S1A_EW_GRDM_1SDH_20230731T120326_20230731T120426_049667_05F8F0_F318__S2A_MSIL1C_20230731T171901_N0509_R012_T17XNA_20230731T210543__collocated.data,S1A_EW_GRDM_1SDH_20230731T120326_20230731T120426_049667_05F8F0_F318,S2A_MSIL1C_20230731T171901_N0509_R012_T17XNA_20230731T210543
58,/home/wch/MPF_Navirah/processed_mpf_collocated/S2A_MSIL1C_20230731T171901_N0510_R012_T17XNA_20240911T140232/20230731_T17XNA_max_mpf.nc,/cpnet/li3_cpdata/SATS/COLOCATION_S1_S2/aa533193a035/processing_output/S1A_EW_GRDM_1SDH_20230731T120326_20230731T120426_049667_05F8F0_F318__S2A_MSIL1C_20230731T171901_N0510_R012_T17XNA_20240911T140232__collocated.data,S1A_EW_GRDM_1SDH_20230731T120326_20230731T120426_049667_05F8F0_F318,S2A_MSIL1C_20230731T171901_N0510_R012_T17XNA_20240911T140232
59,/home/wch/MPF_Navirah/processed_mpf_collocated/S2A_MSIL1C_20230730T174911_N0510_R141_T17XNA_20241012T175332/20230730_T17XNA_max_mpf.nc,/cpnet/li3_cpdata/SATS/COLOCATION_S1_S2/aa533193a035/processing_output/S1A_EW_GRDM_1SDH_20230731T120326_20230731T120426_049667_05F8F0_F318__S2A_MSIL1C_20230730T174911_N0510_R141_T17XNA_20241012T175332__collocated.data,S1A_EW_GRDM_1SDH_20230731T120326_20230731T120426_049667_05F8F0_F318,S2A_MSIL1C_20230730T174911_N0510_R141_T17XNA_20241012T175332
60,/home/wch/MPF_Navirah/processed_mpf_collocated/S2A_MSIL1C_20230730T174911_N0509_R141_T17XNA_20230730T213649/20230730_T17XNA_max_mpf.nc,/cpnet/li3_cpdata/SATS/COLOCATION_S1_S2/aa533193a035/processing_output/S1A_EW_GRDM_1SDH_20230731T120326_20230731T120426_049667_05F8F0_F318__S2A_MSIL1C_20230730T174911_N0509_R141_T17XNA_20230730T213649__collocated.data,S1A_EW_GRDM_1SDH_20230731T120326_20230731T120426_049667_05F8F0_F318,S2A_MSIL1C_20230730T174911_N0509_R141_T17XNA_20230730T213649
61,/home/wch/MPF_Navirah/processed_mpf_collocated/S2A_MSIL1C_20230802T175921_N0510_R041_T17XNA_20241016T083212/20230802_T17XNA_max_mpf.nc,/cpnet/li3_cpdata/SATS/COLOCATION_S1_S2/aa533193a035/processing_output/S1A_EW_GRDM_1SDH_20230802T114603_20230802T114703_049696_05F9D7_B8EB__S2A_MSIL1C_20230802T175921_N0510_R041_T17XNA_20241016T083212__collocated.data,S1A_EW_GRDM_1SDH_20230802T114603_20230802T114703_049696_05F9D7_B8EB,S2A_MSIL1C_20230802T175921_N0510_R041_T17XNA_20241016T083212
62,/home/wch/MPF_Navirah/processed_mpf_collocated/S2A_MSIL1C_20230802T175921_N0509_R041_T17XNA_20230802T214458/20230802_T17XNA_max_mpf.nc,/cpnet/li3_cpdata/SATS/COLOCATION_S1_S2/aa533193a035/processing_output/S1A_EW_GRDM_1SDH_20230802T114603_20230802T114703_049696_05F9D7_B8EB__S2A_MSIL1C_20230802T175921_N0509_R041_T17XNA_20230802T214458__collocated.data,S1A_EW_GRDM_1SDH_20230802T114603_20230802T114703_049696_05F9D7_B8EB,S2A_MSIL1C_20230802T175921_N0509_R041_T17XNA_20230802T214458
63,/home/wch/MPF_Navirah/processed_mpf_collocated/S2A_MSIL1C_20230802T175921_N0510_R041_T17XNA_20241016T083212/20230802_T17XNA_max_mpf.nc,/cpnet/li3_cpdata/SATS/COLOCATION_S1_S2/aa533193a035/processing_output/S1A_EW_GRDM_1SDH_20230802T114703_20230802T114801_049696_05F9D7_07B7__S2A_MSIL1C_20230802T175921_N0510_R041_T17XNA_20241016T083212__collocated.data,S1A_EW_GRDM_1SDH_20230802T114703_20230802T114801_049696_05F9D7_07B7,S2A_MSIL1C_20230802T175921_N0510_R041_T17XNA_20241016T083212
64,/home/wch/MPF_Navirah/processed_mpf_collocated/S2A_MSIL1C_20230802T175921_N0509_R041_T17XNA_20230802T214458/20230802_T17XNA_max_mpf.nc,/cpnet/li3_cpdata/SATS/COLOCATION_S1_S2/aa533193a035/processing_output/S1A_EW_GRDM_1SDH_20230802T114703_20230802T114801_049696_05F9D7_07B7__S2A_MSIL1C_20230802T175921_N0509_R041_T17XNA_20230802T214458__collocated.data,S1A_EW_GRDM_1SDH_20230802T114703_20230802T114801_049696_05F9D7_07B7,S2A_MSIL1C_20230802T175921_N0509_R041_T17XNA_20230802T214458
65,/home/wch/MPF_Navirah/processed_mpf_collocated/S2A_MSIL1C_20230809T174911_N0510_R141_T17XNA_20241018T213220/20230809_T17XNA_max_mpf.nc,/cpnet/li3_cpdata/SATS/COLOCATION_S1_S2/aa533193a035/processing_output/S1A_EW_GRDM_1SDH_20230810T121940_20230810T122040_049813_05FD93_93A2__S2A_MSIL1C_20230809T174911_N0510_R141_T17XNA_20241018T213220__collocated.data,S1A_EW_GRDM_1SDH_20230810T121940_20230810T122040_049813_05FD93_93A2,S2A_MSIL1C_20230809T174911_N0510_R141_T17XNA_20241018T213220
66,/home/wch/MPF_Navirah/processed_mpf_collocated/S2A_MSIL1C_20230809T174911_N0509_R141_T17XNA_20230916T180950/20230809_T17XNA_max_mpf.nc,/cpnet/li3_cpdata/SATS/COLOCATION_S1_S2/aa533193a035/processing_output/S1A_EW_GRDM_1SDH_20230810T121940_20230810T122040_049813_05FD93_93A2__S2A_MSIL1C_20230809T174911_N0509_R141_T17XNA_20230916T180950__collocated.data,S1A_EW_GRDM_1SDH_20230810T121940_20230810T122040_049813_05FD93_93A2,S2A_MSIL1C_20230809T174911_N0509_R141_T17XNA_20230916T180950
67,/home/wch/MPF_Navirah/processed_mpf_collocated/S2A_MSIL1C_20230812T175921_N0510_R041_T17XNA_20241027T083303/20230812_T17XNA_max_mpf.nc,/cpnet/li3_cpdata/SATS/COLOCATION_S1_S2/aa533193a035/processing_output/S1A_EW_GRDM_1SDH_20230812T120227_20230812T120327_049842_05FE91_1B1C__S2A_MSIL1C_20230812T175921_N0510_R041_T17XNA_20241027T083303__collocated.data,S1A_EW_GRDM_1SDH_20230812T120227_20230812T120327_049842_05FE91_1B1C,S2A_MSIL1C_20230812T175921_N0510_R041_T17XNA_20241027T083303
68,/home/wch/MPF_Navirah/processed_mpf_collocated/S2A_MSIL1C_20230812T175921_N0509_R041_T17XNA_20230812T213942/20230812_T17XNA_max_mpf.nc,/cpnet/li3_cpdata/SATS/COLOCATION_S1_S2/aa533193a035/processing_output/S1A_EW_GRDM_1SDH_20230812T120227_20230812T120327_049842_05FE91_1B1C__S2A_MSIL1C_20230812T175921_N0509_R041_T17XNA_20230812T213942__collocated.data,S1A_EW_GRDM_1SDH_20230812T120227_20230812T120327_049842_05FE91_1B1C,S2A_MSIL1C_20230812T175921_N0509_R041_T17XNA_20230812T213942
69,/home/wch/MPF_Navirah/processed_mpf_collocated/S2A_MSIL1C_20230812T175921_N0510_R041_T17XNA_20241027T083303/20230812_T17XNA_max_mpf.nc,/cpnet/li3_cpdata/SATS/COLOCATION_S1_S2/aa533193a035/processing_output/S1A_EW_GRDM_1SDH_20230812T120327_20230812T120427_049842_05FE91_5CB0__S2A_MSIL1C_20230812T175921_N0510_R041_T17XNA_20241027T083303__collocated.data,S1A_EW_GRDM_1SDH_20230812T120327_20230812T120427_049842_05FE91_5CB0,S2A_MSIL1C_20230812T175921_N0510_R041_T17XNA_20241027T083303
70,/home/wch/MPF_Navirah/processed_mpf_collocated/S2A_MSIL1C_20230812T175921_N0509_R041_T17XNA_20230812T213942/20230812_T17XNA_max_mpf.nc,/cpnet/li3_cpdata/SATS/COLOCATION_S1_S2/aa533193a035/processing_output/S1A_EW_GRDM_1SDH_20230812T120327_20230812T120427_049842_05FE91_5CB0__S2A_MSIL1C_20230812T175921_N0509_R041_T17XNA_20230812T213942__collocated.data,S1A_EW_GRDM_1SDH_20230812T120327_20230812T120427_049842_05FE91_5CB0,S2A_MSIL1C_20230812T175921_N0509_R041_T17XNA_20230812T213942
71,/home/wch/MPF_Navirah/processed_mpf_collocated/S2A_MSIL1C_20230813T172901_N0510_R055_T17XNA_20241026T201529/20230813_T17XNA_max_mpf.nc,/cpnet/li3_cpdata/SATS/COLOCATION_S1_S2/aa533193a035/processing_output/S1A_EW_GRDM_1SDH_20230814T114604_20230814T114704_049871_05FF92_9125__S2A_MSIL1C_20230813T172901_N0510_R055_T17XNA_20241026T201529__collocated.data,S1A_EW_GRDM_1SDH_20230814T114604_20230814T114704_049871_05FF92_9125,S2A_MSIL1C_20230813T172901_N0510_R055_T17XNA_20241026T201529
72,/home/wch/MPF_Navirah/processed_mpf_collocated/S2A_MSIL1C_20230813T172901_N0509_R055_T17XNA_20230813T223616/20230813_T17XNA_max_mpf.nc,/cpnet/li3_cpdata/SATS/COLOCATION_S1_S2/aa533193a035/processing_output/S1A_EW_GRDM_1SDH_20230814T114604_20230814T114704_049871_05FF92_9125__S2A_MSIL1C_20230813T172901_N0509_R055_T17XNA_20230813T223616__collocated.data,S1A_EW_GRDM_1SDH_20230814T114604_20230814T114704_049871_05FF92_9125,S2A_MSIL1C_20230813T172901_N0509_R055_T17XNA_20230813T223616
73,/home/wch/MPF_Navirah/processed_mpf_collocated/S2A_MSIL1C_20230813T172901_N0510_R055_T17XNA_20241026T201529/20230813_T17XNA_max_mpf.nc,/cpnet/li3_cpdata/SATS/COLOCATION_S1_S2/aa533193a035/processing_output/S1A_EW_GRDM_1SDH_20230814T114704_20230814T114802_049871_05FF92_FFA1__S2A_MSIL1C_20230813T172901_N0510_R055_T17XNA_20241026T201529__collocated.data,S1A_EW_GRDM_1SDH_20230814T114704_20230814T114802_049871_05FF92_FFA1,S2A_MSIL1C_20230813T172901_N0510_R055_T17XNA_20241026T201529
74,/home/wch/MPF_Navirah/processed_mpf_collocated/S2A_MSIL1C_20230813T172901_N0509_R055_T17XNA_20230813T223616/20230813_T17XNA_max_mpf.nc,/cpnet/li3_cpdata/SATS/COLOCATION_S1_S2/aa533193a035/processing_output/S1A_EW_GRDM_1SDH_20230814T114704_20230814T114802_049871_05FF92_FFA1__S2A_MSIL1C_20230813T172901_N0509_R055_T17XNA_20230813T223616__collocated.data,S1A_EW_GRDM_1SDH_20230814T114704_20230814T114802_049871_05FF92_FFA1,S2A_MSIL1C_20230813T172901_N0509_R055_T17XNA_20230813T223616
75,/home/wch/MPF_Navirah/processed_mpf_collocated/S2A_MSIL1C_20230816T173911_N0510_R098_T17XNA_20241022T030631/20230816_T17XNA_max_mpf.nc,/cpnet/li3_cpdata/SATS/COLOCATION_S1_S2/aa533193a035/processing_output/S1A_EW_GRDM_1SDH_20230817T121130_20230817T121230_049915_060106_E815__S2A_MSIL1C_20230816T173911_N0510_R098_T17XNA_20241022T030631__collocated.data,S1A_EW_GRDM_1SDH_20230817T121130_20230817T121230_049915_060106_E815,S2A_MSIL1C_20230816T173911_N0510_R098_T17XNA_20241022T030631
76,/home/wch/MPF_Navirah/processed_mpf_collocated/S2A_MSIL1C_20230816T173911_N0509_R098_T17XNA_20230816T224552/20230816_T17XNA_max_mpf.nc,/cpnet/li3_cpdata/SATS/COLOCATION_S1_S2/aa533193a035/processing_output/S1A_EW_GRDM_1SDH_20230817T121130_20230817T121230_049915_060106_E815__S2A_MSIL1C_20230816T173911_N0509_R098_T17XNA_20230816T224552__collocated.data,S1A_EW_GRDM_1SDH_20230817T121130_20230817T121230_049915_060106_E815,S2A_MSIL1C_20230816T173911_N0509_R098_T17XNA_20230816T224552
77,/home/wch/MPF_Navirah/processed_mpf_collocated/S2A_MSIL1C_20230819T174911_N0509_R141_T17XNA_20230819T212643/20230819_T17XNA_max_mpf.nc,/cpnet/li3_cpdata/SATS/COLOCATION_S1_S2/aa533193a035/processing_output/S1A_EW_GRDM_1SDH_20230819T115510_20230819T115610_049944_06020D_AAC6__S2A_MSIL1C_20230819T174911_N0509_R141_T17XNA_20230819T212643__collocated.data,S1A_EW_GRDM_1SDH_20230819T115510_20230819T115610_049944_06020D_AAC6,S2A_MSIL1C_20230819T174911_N0509_R141_T17XNA_20230819T212643
78,/home/wch/MPF_Navirah/processed_mpf_collocated/S2A_MSIL1C_20230819T174911_N0510_R141_T17XNA_20241025T014100/20230819_T17XNA_max_mpf.nc,/cpnet/li3_cpdata/SATS/COLOCATION_S1_S2/aa533193a035/processing_output/S1A_EW_GRDM_1SDH_20230819T115510_20230819T115610_049944_06020D_AAC6__S2A_MSIL1C_20230819T174911_N0510_R141_T17XNA_20241025T014100__collocated.data,S1A_EW_GRDM_1SDH_20230819T115510_20230819T115610_049944_06020D_AAC6,S2A_MSIL1C_20230819T174911_N0510_R141_T17XNA_20241025T014100
79,/home/wch/MPF_Navirah/processed_mpf_collocated/S2A_MSIL1C_20230820T171901_N0509_R012_T17XNA_20230820T221353/20230820_T17XNA_max_mpf.nc,/cpnet/li3_cpdata/SATS/COLOCATION_S1_S2/aa533193a035/processing_output/S1A_EW_GRDM_1SDH_20230820T123604_20230820T123704_049959_060299_081E__S2A_MSIL1C_20230820T171901_N0509_R012_T17XNA_20230820T221353__collocated.data,S1A_EW_GRDM_1SDH_20230820T123604_20230820T123704_049959_060299_081E,S2A_MSIL1C_20230820T171901_N0509_R012_T17XNA_20230820T221353
80,/home/wch/MPF_Navirah/processed_mpf_collocated/S2A_MSIL1C_20230820T171901_N0510_R012_T17XNA_20241023T005255/20230820_T17XNA_max_mpf.nc,/cpnet/li3_cpdata/SATS/COLOCATION_S1_S2/aa533193a035/processing_output/S1A_EW_GRDM_1SDH_20230820T123604_20230820T123704_049959_060299_081E__S2A_MSIL1C_20230820T171901_N0510_R012_T17XNA_20241023T005255__collocated.data,S1A_EW_GRDM_1SDH_20230820T123604_20230820T123704_049959_060299_081E,S2A_MSIL1C_20230820T171901_N0510_R012_T17XNA_20241023T005255
81,/home/wch/MPF_Navirah/processed_mpf_collocated/S2A_MSIL1C_20230819T174911_N0509_R141_T17XNA_20230819T212643/20230819_T17XNA_max_mpf.nc,/cpnet/li3_cpdata/SATS/COLOCATION_S1_S2/aa533193a035/processing_output/S1A_EW_GRDM_1SDH_20230820T123604_20230820T123704_049959_060299_081E__S2A_MSIL1C_20230819T174911_N0509_R141_T17XNA_20230819T212643__collocated.data,S1A_EW_GRDM_1SDH_20230820T123604_20230820T123704_049959_060299_081E,S2A_MSIL1C_20230819T174911_N0509_R141_T17XNA_20230819T212643
82,/home/wch/MPF_Navirah/processed_mpf_collocated/S2A_MSIL1C_20230819T174911_N0510_R141_T17XNA_20241025T014100/20230819_T17XNA_max_mpf.nc,/cpnet/li3_cpdata/SATS/COLOCATION_S1_S2/aa533193a035/processing_output/S1A_EW_GRDM_1SDH_20230820T123604_20230820T123704_049959_060299_081E__S2A_MSIL1C_20230819T174911_N0510_R141_T17XNA_20241025T014100__collocated.data,S1A_EW_GRDM_1SDH_20230820T123604_20230820T123704_049959_060299_081E,S2A_MSIL1C_20230819T174911_N0510_R141_T17XNA_20241025T014100
83,/home/wch/MPF_Navirah/processed_mpf_collocated/S2A_MSIL1C_20230822T175921_N0510_R041_T17XNA_20241016T000818/20230822_T17XNA_max_mpf.nc,/cpnet/li3_cpdata/SATS/COLOCATION_S1_S2/aa533193a035/processing_output/S1A_EW_GRDM_1SDH_20230822T121941_20230822T122041_049988_060390_DE20__S2A_MSIL1C_20230822T175921_N0510_R041_T17XNA_20241016T000818__collocated.data,S1A_EW_GRDM_1SDH_20230822T121941_20230822T122041_049988_060390_DE20,S2A_MSIL1C_20230822T175921_N0510_R041_T17XNA_20241016T000818
84,/home/wch/MPF_Navirah/processed_mpf_collocated/S2A_MSIL1C_20230822T175921_N0509_R041_T17XNA_20230822T213635/20230822_T17XNA_max_mpf.nc,/cpnet/li3_cpdata/SATS/COLOCATION_S1_S2/aa533193a035/processing_output/S1A_EW_GRDM_1SDH_20230822T121941_20230822T122041_049988_060390_DE20__S2A_MSIL1C_20230822T175921_N0509_R041_T17XNA_20230822T213635__collocated.data,S1A_EW_GRDM_1SDH_20230822T121941_20230822T122041_049988_060390_DE20,S2A_MSIL1C_20230822T175921_N0509_R041_T17XNA_20230822T213635
85,/home/wch/MPF_Navirah/processed_mpf_collocated/S2A_MSIL1C_20230823T172901_N0510_R055_T17XNA_20241015T115809/20230823_T17XNA_max_mpf.nc,/cpnet/li3_cpdata/SATS/COLOCATION_S1_S2/aa533193a035/processing_output/S1A_EW_GRDM_1SDH_20230824T120228_20230824T120328_050017_060483_37E3__S2A_MSIL1C_20230823T172901_N0510_R055_T17XNA_20241015T115809__collocated.data,S1A_EW_GRDM_1SDH_20230824T120228_20230824T120328_050017_060483_37E3,S2A_MSIL1C_20230823T172901_N0510_R055_T17XNA_20241015T115809
86,/home/wch/MPF_Navirah/processed_mpf_collocated/S2A_MSIL1C_20230823T172901_N0509_R055_T17XNA_20230823T222330/20230823_T17XNA_max_mpf.nc,/cpnet/li3_cpdata/SATS/COLOCATION_S1_S2/aa533193a035/processing_output/S1A_EW_GRDM_1SDH_20230824T120228_20230824T120328_050017_060483_37E3__S2A_MSIL1C_20230823T172901_N0509_R055_T17XNA_20230823T222330__collocated.data,S1A_EW_GRDM_1SDH_20230824T120228_20230824T120328_050017_060483_37E3,S2A_MSIL1C_20230823T172901_N0509_R055_T17XNA_20230823T222330
87,/home/wch/MPF_Navirah/processed_mpf_collocated/S2A_MSIL1C_20230823T172901_N0510_R055_T17XNA_20241015T115809/20230823_T17XNA_max_mpf.nc,/cpnet/li3_cpdata/SATS/COLOCATION_S1_S2/aa533193a035/processing_output/S1A_EW_GRDM_1SDH_20230824T120328_20230824T120428_050017_060483_1785__S2A_MSIL1C_20230823T172901_N0510_R055_T17XNA_20241015T115809__collocated.data,S1A_EW_GRDM_1SDH_20230824T120328_20230824T120428_050017_060483_1785,S2A_MSIL1C_20230823T172901_N0510_R055_T17XNA_20241015T115809
88,/home/wch/MPF_Navirah/processed_mpf_collocated/S2A_MSIL1C_20230823T172901_N0509_R055_T17XNA_20230823T222330/20230823_T17XNA_max_mpf.nc,/cpnet/li3_cpdata/SATS/COLOCATION_S1_S2/aa533193a035/processing_output/S1A_EW_GRDM_1SDH_20230824T120328_20230824T120428_050017_060483_1785__S2A_MSIL1C_20230823T172901_N0509_R055_T17XNA_20230823T222330__collocated.data,S1A_EW_GRDM_1SDH_20230824T120328_20230824T120428_050017_060483_1785,S2A_MSIL1C_20230823T172901_N0509_R055_T17XNA_20230823T222330
89,/home/wch/MPF_Navirah/processed_mpf_collocated/S2A_MSIL1C_20230826T173911_N0510_R098_T17XNA_20241022T013716/20230826_T17XNA_max_mpf.nc,/cpnet/li3_cpdata/SATS/COLOCATION_S1_S2/aa533193a035/processing_output/S1A_EW_GRDM_1SDH_20230826T114605_20230826T114705_050046_06058D_0D6E__S2A_MSIL1C_20230826T173911_N0510_R098_T17XNA_20241022T013716__collocated.data,S1A_EW_GRDM_1SDH_20230826T114605_20230826T114705_050046_06058D_0D6E,S2A_MSIL1C_20230826T173911_N0510_R098_T17XNA_20241022T013716
90,/home/wch/MPF_Navirah/processed_mpf_collocated/S2A_MSIL1C_20230826T173911_N0509_R098_T17XNA_20230826T223150/20230826_T17XNA_max_mpf.nc,/cpnet/li3_cpdata/SATS/COLOCATION_S1_S2/aa533193a035/processing_output/S1A_EW_GRDM_1SDH_20230826T114605_20230826T114705_050046_06058D_0D6E__S2A_MSIL1C_20230826T173911_N0509_R098_T17XNA_20230826T223150__collocated.data,S1A_EW_GRDM_1SDH_20230826T114605_20230826T114705_050046_06058D_0D6E,S2A_MSIL1C_20230826T173911_N0509_R098_T17XNA_20230826T223150
91,/home/wch/MPF_Navirah/processed_mpf_collocated/S2A_MSIL1C_20230826T173911_N0510_R098_T17XNA_20241022T013716/20230826_T17XNA_max_mpf.nc,/cpnet/li3_cpdata/SATS/COLOCATION_S1_S2/aa533193a035/processing_output/S1A_EW_GRDM_1SDH_20230826T114705_20230826T114803_050046_06058D_7B97__S2A_MSIL1C_20230826T173911_N0510_R098_T17XNA_20241022T013716__collocated.data,S1A_EW_GRDM_1SDH_20230826T114705_20230826T114803_050046_06058D_7B97,S2A_MSIL1C_20230826T173911_N0510_R098_T17XNA_20241022T013716
92,/home/wch/MPF_Navirah/processed_mpf_collocated/S2A_MSIL1C_20230826T173911_N0509_R098_T17XNA_20230826T223150/20230826_T17XNA_max_mpf.nc,/cpnet/li3_cpdata/SATS/COLOCATION_S1_S2/aa533193a035/processing_output/S1A_EW_GRDM_1SDH_20230826T114705_20230826T114803_050046_06058D_7B97__S2A_MSIL1C_20230826T173911_N0509_R098_T17XNA_20230826T223150__collocated.data,S1A_EW_GRDM_1SDH_20230826T114705_20230826T114803_050046_06058D_7B97,S2A_MSIL1C_20230826T173911_N0509_R098_T17XNA_20230826T223150
93,/home/wch/MPF_Navirah/processed_mpf_collocated/S2A_MSIL1C_20230829T174911_N0510_R141_T17XNA_20241027T133904/20230829_T17XNA_max_mpf.nc,/cpnet/li3_cpdata/SATS/COLOCATION_S1_S2/aa533193a035/processing_output/S1A_EW_GRDM_1SDH_20230829T121131_20230829T121231_050090_06070B_D545__S2A_MSIL1C_20230829T174911_N0510_R141_T17XNA_20241027T133904__collocated.data,S1A_EW_GRDM_1SDH_20230829T121131_20230829T121231_050090_06070B_D545,S2A_MSIL1C_20230829T174911_N0510_R141_T17XNA_20241027T133904
94,/home/wch/MPF_Navirah/processed_mpf_collocated/S2A_MSIL1C_20230829T174911_N0509_R141_T17XNA_20230829T213004/20230829_T17XNA_max_mpf.nc,/cpnet/li3_cpdata/SATS/COLOCATION_S1_S2/aa533193a035/processing_output/S1A_EW_GRDM_1SDH_20230829T121131_20230829T121231_050090_06070B_D545__S2A_MSIL1C_20230829T174911_N0509_R141_T17XNA_20230829T213004__collocated.data,S1A_EW_GRDM_1SDH_20230829T121131_20230829T121231_050090_06070B_D545,S2A_MSIL1C_20230829T174911_N0509_R141_T17XNA_20230829T213004
95,/home/wch/MPF_Navirah/processed_mpf_collocated/S2A_MSIL1C_20230830T171901_N0510_R012_T17XNA_20241022T171457/20230830_T17XNA_max_mpf.nc,/cpnet/li3_cpdata/SATS/COLOCATION_S1_S2/aa533193a035/processing_output/S1A_EW_GRDM_1SDH_20230831T115511_20230831T115611_050119_06080C_640B__S2A_MSIL1C_20230830T171901_N0510_R012_T17XNA_20241022T171457__collocated.data,S1A_EW_GRDM_1SDH_20230831T115511_20230831T115611_050119_06080C_640B,S2A_MSIL1C_20230830T171901_N0510_R012_T17XNA_20241022T171457
96,/home/wch/MPF_Navirah/processed_mpf_collocated/S2A_MSIL1C_20230830T171901_N0509_R012_T17XNA_20230830T222630/20230830_T17XNA_max_mpf.nc,/cpnet/li3_cpdata/SATS/COLOCATION_S1_S2/aa533193a035/processing_output/S1A_EW_GRDM_1SDH_20230831T115511_20230831T115611_050119_06080C_640B__S2A_MSIL1C_20230830T171901_N0509_R012_T17XNA_20230830T222630__collocated.data,S1A_EW_GRDM_1SDH_20230831T115511_20230831T115611_050119_06080C_640B,S2A_MSIL1C_20230830T171901_N0509_R012_T17XNA_20230830T222630
97,/home/wch/MPF_Navirah/processed_mpf_collocated/S2A_MSIL1C_20230901T175921_N0510_R041_T17XNA_20241024T062338/20230901_T17XNA_max_mpf.nc,/cpnet/li3_cpdata/SATS/COLOCATION_S1_S2/aa533193a035/processing_output/S1A_EW_GRDM_1SDH_20230901T123605_20230901T123705_050134_060899_77CF__S2A_MSIL1C_20230901T175921_N0510_R041_T17XNA_20241024T062338__collocated.data,S1A_EW_GRDM_1SDH_20230901T123605_20230901T123705_050134_060899_77CF,S2A_MSIL1C_20230901T175921_N0510_R041_T17XNA_20241024T062338
98,/home/wch/MPF_Navirah/processed_mpf_collocated/S2A_MSIL1C_20230901T175921_N0509_R041_T17XNA_20230901T225306/20230901_T17XNA_max_mpf.nc,/cpnet/li3_cpdata/SATS/COLOCATION_S1_S2/aa533193a035/processing_output/S1A_EW_GRDM_1SDH_20230901T123605_20230901T123705_050134_060899_77CF__S2A_MSIL1C_20230901T175921_N0509_R041_T17XNA_20230901T225306__collocated.data,S1A_EW_GRDM_1SDH_20230901T123605_20230901T123705_050134_060899_77CF,S2A_MSIL1C_20230901T175921_N0509_R041_T17XNA_20230901T225306
